index,cumulative_v_fraction,cumulative_c_fraction,symbol
1,1.000000,0.000000,v
2,0.500000,0.500000,c
3,0.666667,0.333333,v
4,0.500000,0.500000,c
5,0.600000,0.400000,v
6,0.500000,0.500000,c
7,0.571429,0.428571,v
8,0.500000,0.500000,c
9,0.555556,0.444444,v
10,0.500000,0.500000,c
11,0.545455,0.454545,v
12,0.500000,0.500000,c
13,0.538462,0.461538,v
14,0.500000,0.500000,c
15,0.533333,0.466667,v
16,0.500000,0.500000,c
17,0.529412,0.470588,v
18,0.500000,0.500000,c
19,0.473684,0.526316,c
20,0.450000,0.550000,c
21,0.428571,0.571429,c
22,0.409091,0.590909,c
23,0.434783,0.565217,v
24,0.416667,0.583333,c
25,0.400000,0.600000,c
26,0.423077,0.576923,v
27,0.407407,0.592593,c
28,0.428571,0.571429,v
29,0.413793,0.586207,c
30,0.433333,0.566667,v
31,0.419355,0.580645,c
32,0.437500,0.562500,v
33,0.424242,0.575758,c
34,0.441176,0.558824,v
35,0.428571,0.571429,c
36,0.444444,0.555556,v
37,0.432432,0.567568,c
38,0.447368,0.552632,v
39,0.435897,0.564103,c
40,0.450000,0.550000,v
41,0.439024,0.560976,c
42,0.428571,0.571429,c
43,0.441860,0.558140,v
44,0.431818,0.568182,c
45,0.422222,0.577778,c
46,0.434783,0.565217,v
47,0.446809,0.553191,v
48,0.437500,0.562500,c
49,0.448980,0.551020,v
50,0.460000,0.540000,v
51,0.450980,0.549020,c
52,0.461538,0.538462,v
53,0.452830,0.547170,c
54,0.444444,0.555556,c
55,0.454545,0.545455,v
56,0.446429,0.553571,c
57,0.456140,0.543860,v
58,0.448276,0.551724,c
59,0.457627,0.542373,v
60,0.450000,0.550000,c
61,0.459016,0.540984,v
62,0.451613,0.548387,c
63,0.460317,0.539683,v
64,0.453125,0.546875,c
65,0.461538,0.538462,v
66,0.454545,0.545455,c
67,0.462687,0.537313,v
68,0.455882,0.544118,c
69,0.449275,0.550725,c
70,0.457143,0.542857,v
71,0.450704,0.549296,c
72,0.444444,0.555556,c
73,0.438356,0.561644,c
74,0.445946,0.554054,v
75,0.440000,0.560000,c
76,0.447368,0.552632,v
77,0.441558,0.558442,c
78,0.448718,0.551282,v
79,0.443038,0.556962,c
80,0.437500,0.562500,c
81,0.444444,0.555556,v
82,0.439024,0.560976,c
83,0.445783,0.554217,v
84,0.452381,0.547619,v
85,0.447059,0.552941,c
86,0.453488,0.546512,v
87,0.448276,0.551724,c
88,0.454545,0.545455,v
89,0.449438,0.550562,c
90,0.444444,0.555556,c
91,0.450549,0.549451,v
92,0.456522,0.543478,v
93,0.451613,0.548387,c
94,0.457447,0.542553,v
95,0.452632,0.547368,c
96,0.447917,0.552083,c
97,0.453608,0.546392,v
98,0.459184,0.540816,v
99,0.454545,0.545455,c
100,0.460000,0.540000,v
101,0.455446,0.544554,c
102,0.460784,0.539216,v
103,0.456311,0.543689,c
104,0.451923,0.548077,c
105,0.457143,0.542857,v
106,0.452830,0.547170,c
107,0.448598,0.551402,c
108,0.453704,0.546296,v
109,0.449541,0.550459,c
110,0.454545,0.545455,v
111,0.450450,0.549550,c
112,0.455357,0.544643,v
113,0.451327,0.548673,c
114,0.456140,0.543860,v
115,0.452174,0.547826,c
116,0.456897,0.543103,v
117,0.461538,0.538462,v
118,0.457627,0.542373,c
119,0.453782,0.546218,c
120,0.450000,0.550000,c
121,0.454545,0.545455,v
122,0.459016,0.540984,v
123,0.455285,0.544715,c
124,0.459677,0.540323,v
125,0.456000,0.544000,c
126,0.452381,0.547619,c
127,0.456693,0.543307,v
128,0.453125,0.546875,c
129,0.457364,0.542636,v
130,0.453846,0.546154,c
131,0.458015,0.541985,v
132,0.462121,0.537879,v
133,0.458647,0.541353,c
134,0.462687,0.537313,v
135,0.459259,0.540741,c
136,0.455882,0.544118,c
137,0.452555,0.547445,c
138,0.456522,0.543478,v
139,0.453237,0.546763,c
140,0.457143,0.542857,v
141,0.460993,0.539007,v
142,0.457746,0.542254,c
143,0.454545,0.545455,c
144,0.451389,0.548611,c
145,0.448276,0.551724,c
146,0.452055,0.547945,v
147,0.448980,0.551020,c
148,0.452703,0.547297,v
149,0.456376,0.543624,v
150,0.453333,0.546667,c
151,0.456954,0.543046,v
152,0.453947,0.546053,c
153,0.457516,0.542484,v
154,0.454545,0.545455,c
155,0.458065,0.541935,v
156,0.455128,0.544872,c
157,0.452229,0.547771,c
158,0.449367,0.550633,c
159,0.452830,0.547170,v
160,0.450000,0.550000,c
161,0.453416,0.546584,v
162,0.450617,0.549383,c
163,0.453988,0.546012,v
164,0.451220,0.548780,c
165,0.454545,0.545455,v
166,0.451807,0.548193,c
167,0.455090,0.544910,v
168,0.452381,0.547619,c
169,0.455621,0.544379,v
170,0.458824,0.541176,v
171,0.461988,0.538012,v
172,0.459302,0.540698,c
173,0.462428,0.537572,v
174,0.459770,0.540230,c
175,0.462857,0.537143,v
176,0.460227,0.539773,c
177,0.463277,0.536723,v
178,0.460674,0.539326,c
179,0.463687,0.536313,v
180,0.461111,0.538889,c
181,0.464088,0.535912,v
182,0.467033,0.532967,v
183,0.464481,0.535519,c
184,0.461957,0.538043,c
185,0.464865,0.535135,v
186,0.462366,0.537634,c
187,0.465241,0.534759,v
188,0.462766,0.537234,c
189,0.465608,0.534392,v
190,0.463158,0.536842,c
191,0.465969,0.534031,v
192,0.463542,0.536458,c
193,0.466321,0.533679,v
194,0.463918,0.536082,c
195,0.461538,0.538462,c
196,0.464286,0.535714,v
197,0.467005,0.532995,v
198,0.464646,0.535354,c
199,0.467337,0.532663,v
200,0.465000,0.535000,c
201,0.467662,0.532338,v
202,0.470297,0.529703,v
203,0.467980,0.532020,c
204,0.470588,0.529412,v
205,0.468293,0.531707,c
206,0.470874,0.529126,v
207,0.468599,0.531401,c
208,0.471154,0.528846,v
209,0.468900,0.531100,c
210,0.466667,0.533333,c
211,0.464455,0.535545,c
212,0.466981,0.533019,v
213,0.464789,0.535211,c
214,0.467290,0.532710,v
215,0.465116,0.534884,c
216,0.462963,0.537037,c
217,0.465438,0.534562,v
218,0.463303,0.536697,c
219,0.465753,0.534247,v
220,0.468182,0.531818,v
221,0.466063,0.533937,c
222,0.463964,0.536036,c
223,0.461883,0.538117,c
224,0.464286,0.535714,v
225,0.462222,0.537778,c
226,0.464602,0.535398,v
227,0.466960,0.533040,v
228,0.464912,0.535088,c
229,0.462882,0.537118,c
230,0.460870,0.539130,c
231,0.463203,0.536797,v
232,0.461207,0.538793,c
233,0.463519,0.536481,v
234,0.461538,0.538462,c
235,0.463830,0.536170,v
236,0.466102,0.533898,v
237,0.464135,0.535865,c
238,0.466387,0.533613,v
239,0.464435,0.535565,c
240,0.466667,0.533333,v
241,0.464730,0.535270,c
242,0.466942,0.533058,v
243,0.465021,0.534979,c
244,0.467213,0.532787,v
245,0.465306,0.534694,c
246,0.467480,0.532520,v
247,0.465587,0.534413,c
248,0.467742,0.532258,v
249,0.465863,0.534137,c
250,0.468000,0.532000,v
251,0.466135,0.533865,c
252,0.468254,0.531746,v
253,0.470356,0.529644,v
254,0.468504,0.531496,c
255,0.466667,0.533333,c
256,0.468750,0.531250,v
257,0.466926,0.533074,c
258,0.465116,0.534884,c
259,0.467181,0.532819,v
260,0.465385,0.534615,c
261,0.467433,0.532567,v
262,0.465649,0.534351,c
263,0.467681,0.532319,v
264,0.465909,0.534091,c
265,0.467925,0.532075,v
266,0.466165,0.533835,c
267,0.464419,0.535581,c
268,0.462687,0.537313,c
269,0.460967,0.539033,c
270,0.462963,0.537037,v
271,0.461255,0.538745,c
272,0.459559,0.540441,c
273,0.461538,0.538462,v
274,0.463504,0.536496,v
275,0.465455,0.534545,v
276,0.463768,0.536232,c
277,0.462094,0.537906,c
278,0.464029,0.535971,v
279,0.462366,0.537634,c
280,0.464286,0.535714,v
281,0.462633,0.537367,c
282,0.464539,0.535461,v
283,0.466431,0.533569,v
284,0.464789,0.535211,c
285,0.466667,0.533333,v
286,0.465035,0.534965,c
287,0.466899,0.533101,v
288,0.465278,0.534722,c
289,0.463668,0.536332,c
290,0.462069,0.537931,c
291,0.460481,0.539519,c
292,0.458904,0.541096,c
293,0.457338,0.542662,c
294,0.455782,0.544218,c
295,0.457627,0.542373,v
296,0.456081,0.543919,c
297,0.457912,0.542088,v
298,0.456376,0.543624,c
299,0.458194,0.541806,v
300,0.456667,0.543333,c
301,0.455150,0.544850,c
302,0.456954,0.543046,v
303,0.455446,0.544554,c
304,0.457237,0.542763,v
305,0.455738,0.544262,c
306,0.457516,0.542484,v
307,0.456026,0.543974,c
308,0.454545,0.545455,c
309,0.453074,0.546926,c
310,0.454839,0.545161,v
311,0.453376,0.546624,c
312,0.455128,0.544872,v
313,0.456869,0.543131,v
314,0.455414,0.544586,c
315,0.453968,0.546032,c
316,0.455696,0.544304,v
317,0.454259,0.545741,c
318,0.455975,0.544025,v
319,0.457680,0.542320,v
320,0.456250,0.543750,c
321,0.457944,0.542056,v
322,0.456522,0.543478,c
323,0.458204,0.541796,v
324,0.456790,0.543210,c
325,0.458462,0.541538,v
326,0.457055,0.542945,c
327,0.458716,0.541284,v
328,0.460366,0.539634,v
329,0.462006,0.537994,v
330,0.460606,0.539394,c
331,0.462236,0.537764,v
332,0.463855,0.536145,v
333,0.462462,0.537538,c
334,0.464072,0.535928,v
335,0.465672,0.534328,v
336,0.464286,0.535714,c
337,0.465875,0.534125,v
338,0.464497,0.535503,c
339,0.463127,0.536873,c
340,0.464706,0.535294,v
341,0.463343,0.536657,c
342,0.464912,0.535088,v
343,0.463557,0.536443,c
344,0.465116,0.534884,v
345,0.463768,0.536232,c
346,0.465318,0.534682,v
347,0.463977,0.536023,c
348,0.465517,0.534483,v
349,0.464183,0.535817,c
350,0.462857,0.537143,c
351,0.464387,0.535613,v
352,0.463068,0.536932,c
353,0.464589,0.535411,v
354,0.463277,0.536723,c
355,0.464789,0.535211,v
356,0.463483,0.536517,c
357,0.462185,0.537815,c
358,0.463687,0.536313,v
359,0.465181,0.534819,v
360,0.463889,0.536111,c
361,0.465374,0.534626,v
362,0.466851,0.533149,v
363,0.468320,0.531680,v
364,0.467033,0.532967,c
365,0.468493,0.531507,v
366,0.467213,0.532787,c
367,0.468665,0.531335,v
368,0.467391,0.532609,c
369,0.468835,0.531165,v
370,0.467568,0.532432,c
371,0.469003,0.530997,v
372,0.467742,0.532258,c
373,0.469169,0.530831,v
374,0.467914,0.532086,c
375,0.466667,0.533333,c
376,0.468085,0.531915,v
377,0.466844,0.533156,c
378,0.468254,0.531746,v
379,0.467018,0.532982,c
380,0.468421,0.531579,v
381,0.467192,0.532808,c
382,0.468586,0.531414,v
383,0.467363,0.532637,c
384,0.468750,0.531250,v
385,0.467532,0.532468,c
386,0.468912,0.531088,v
387,0.467700,0.532300,c
388,0.466495,0.533505,c
389,0.465296,0.534704,c
390,0.466667,0.533333,v
391,0.465473,0.534527,c
392,0.464286,0.535714,c
393,0.465649,0.534351,v
394,0.464467,0.535533,c
395,0.465823,0.534177,v
396,0.464646,0.535354,c
397,0.465995,0.534005,v
398,0.467337,0.532663,v
399,0.466165,0.533835,c
400,0.467500,0.532500,v
401,0.466334,0.533666,c
402,0.467662,0.532338,v
403,0.466501,0.533499,c
404,0.465347,0.534653,c
405,0.466667,0.533333,v
406,0.465517,0.534483,c
407,0.464373,0.535627,c
408,0.465686,0.534314,v
409,0.464548,0.535452,c
410,0.465854,0.534146,v
411,0.464720,0.535280,c
412,0.463592,0.536408,c
413,0.462470,0.537530,c
414,0.463768,0.536232,v
415,0.462651,0.537349,c
416,0.463942,0.536058,v
417,0.465228,0.534772,v
418,0.466507,0.533493,v
419,0.465394,0.534606,c
420,0.464286,0.535714,c
421,0.465558,0.534442,v
422,0.464455,0.535545,c
423,0.465721,0.534279,v
424,0.464623,0.535377,c
425,0.463529,0.536471,c
426,0.464789,0.535211,v
427,0.463700,0.536300,c
428,0.464953,0.535047,v
429,0.466200,0.533800,v
430,0.465116,0.534884,c
431,0.466357,0.533643,v
432,0.467593,0.532407,v
433,0.466513,0.533487,c
434,0.467742,0.532258,v
435,0.466667,0.533333,c
436,0.467890,0.532110,v
437,0.466819,0.533181,c
438,0.465753,0.534247,c
439,0.466970,0.533030,v
440,0.465909,0.534091,c
441,0.467120,0.532880,v
442,0.466063,0.533937,c
443,0.465011,0.534989,c
444,0.463964,0.536036,c
445,0.465169,0.534831,v
446,0.464126,0.535874,c
447,0.465324,0.534676,v
448,0.464286,0.535714,c
449,0.465479,0.534521,v
450,0.466667,0.533333,v
451,0.465632,0.534368,c
452,0.466814,0.533186,v
453,0.465784,0.534216,c
454,0.464758,0.535242,c
455,0.463736,0.536264,c
456,0.464912,0.535088,v
457,0.463895,0.536105,c
458,0.465066,0.534934,v
459,0.464052,0.535948,c
460,0.465217,0.534783,v
461,0.464208,0.535792,c
462,0.465368,0.534632,v
463,0.466523,0.533477,v
464,0.465517,0.534483,c
465,0.466667,0.533333,v
466,0.465665,0.534335,c
467,0.466809,0.533191,v
468,0.465812,0.534188,c
469,0.466951,0.533049,v
470,0.465957,0.534043,c
471,0.467091,0.532909,v
472,0.468220,0.531780,v
473,0.467230,0.532770,c
474,0.468354,0.531646,v
475,0.467368,0.532632,c
476,0.468487,0.531513,v
477,0.467505,0.532495,c
478,0.466527,0.533473,c
479,0.465553,0.534447,c
480,0.466667,0.533333,v
481,0.465696,0.534304,c
482,0.464730,0.535270,c
483,0.463768,0.536232,c
484,0.462810,0.537190,c
485,0.463918,0.536082,v
486,0.462963,0.537037,c
487,0.462012,0.537988,c
488,0.463115,0.536885,v
489,0.462168,0.537832,c
490,0.463265,0.536735,v
491,0.462322,0.537678,c
492,0.461382,0.538618,c
493,0.462475,0.537525,v
494,0.463563,0.536437,v
495,0.464646,0.535354,v
496,0.463710,0.536290,c
497,0.464789,0.535211,v
498,0.463855,0.536145,c
499,0.464930,0.535070,v
500,0.464000,0.536000,c
501,0.465070,0.534930,v
502,0.464143,0.535857,c
503,0.465209,0.534791,v
504,0.464286,0.535714,c
505,0.465347,0.534653,v
506,0.464427,0.535573,c
507,0.465483,0.534517,v
508,0.464567,0.535433,c
509,0.465619,0.534381,v
510,0.464706,0.535294,c
511,0.463796,0.536204,c
512,0.462891,0.537109,c
513,0.463938,0.536062,v
514,0.463035,0.536965,c
515,0.464078,0.535922,v
516,0.463178,0.536822,c
517,0.464217,0.535783,v
518,0.463320,0.536680,c
519,0.464355,0.535645,v
520,0.463462,0.536538,c
521,0.464491,0.535509,v
522,0.465517,0.534483,v
523,0.464627,0.535373,c
524,0.465649,0.534351,v
525,0.464762,0.535238,c
526,0.463878,0.536122,c
527,0.464896,0.535104,v
528,0.464015,0.535985,c
529,0.463138,0.536862,c
530,0.464151,0.535849,v
531,0.465160,0.534840,v
532,0.464286,0.535714,c
533,0.465291,0.534709,v
534,0.464419,0.535581,c
535,0.463551,0.536449,c
536,0.462687,0.537313,c
537,0.461825,0.538175,c
538,0.462825,0.537175,v
539,0.461967,0.538033,c
540,0.462963,0.537037,v
541,0.462107,0.537893,c
542,0.463100,0.536900,v
543,0.462247,0.537753,c
544,0.463235,0.536765,v
545,0.464220,0.535780,v
546,0.463370,0.536630,c
547,0.464351,0.535649,v
548,0.465328,0.534672,v
549,0.464481,0.535519,c
550,0.465455,0.534545,v
551,0.464610,0.535390,c
552,0.463768,0.536232,c
553,0.462929,0.537071,c
554,0.462094,0.537906,c
555,0.463063,0.536937,v
556,0.462230,0.537770,c
557,0.463196,0.536804,v
558,0.462366,0.537634,c
559,0.461538,0.538462,c
560,0.462500,0.537500,v
561,0.461676,0.538324,c
562,0.462633,0.537367,v
563,0.461812,0.538188,c
564,0.462766,0.537234,v
565,0.461947,0.538053,c
566,0.461131,0.538869,c
567,0.460317,0.539683,c
568,0.459507,0.540493,c
569,0.460457,0.539543,v
570,0.461404,0.538596,v
571,0.460595,0.539405,c
572,0.461538,0.538462,v
573,0.460733,0.539267,c
574,0.459930,0.540070,c
575,0.459130,0.540870,c
576,0.458333,0.541667,c
577,0.459272,0.540728,v
578,0.458478,0.541522,c
579,0.459413,0.540587,v
580,0.458621,0.541379,c
581,0.459552,0.540448,v
582,0.460481,0.539519,v
583,0.459691,0.540309,c
584,0.460616,0.539384,v
585,0.459829,0.540171,c
586,0.460751,0.539249,v
587,0.459966,0.540034,c
588,0.460884,0.539116,v
589,0.460102,0.539898,c
590,0.461017,0.538983,v
591,0.460237,0.539763,c
592,0.461149,0.538851,v
593,0.462057,0.537943,v
594,0.461279,0.538721,c
595,0.460504,0.539496,c
596,0.461409,0.538591,v
597,0.460637,0.539363,c
598,0.461538,0.538462,v
599,0.462437,0.537563,v
600,0.461667,0.538333,c
601,0.462562,0.537438,v
602,0.463455,0.536545,v
603,0.462687,0.537313,c
604,0.463576,0.536424,v
605,0.462810,0.537190,c
606,0.463696,0.536304,v
607,0.462932,0.537068,c
608,0.462171,0.537829,c
609,0.463054,0.536946,v
610,0.462295,0.537705,c
611,0.463175,0.536825,v
612,0.462418,0.537582,c
613,0.461664,0.538336,c
614,0.460912,0.539088,c
615,0.460163,0.539837,c
616,0.461039,0.538961,v
617,0.461912,0.538088,v
618,0.461165,0.538835,c
619,0.462036,0.537964,v
620,0.461290,0.538710,c
621,0.462158,0.537842,v
622,0.461415,0.538585,c
623,0.462279,0.537721,v
624,0.461538,0.538462,c
625,0.462400,0.537600,v
626,0.461661,0.538339,c
627,0.462520,0.537480,v
628,0.461783,0.538217,c
629,0.461049,0.538951,c
630,0.461905,0.538095,v
631,0.461173,0.538827,c
632,0.462025,0.537975,v
633,0.461295,0.538705,c
634,0.462145,0.537855,v
635,0.461417,0.538583,c
636,0.462264,0.537736,v
637,0.461538,0.538462,c
638,0.460815,0.539185,c
639,0.461659,0.538341,v
640,0.460938,0.539063,c
641,0.461778,0.538222,v
642,0.461059,0.538941,c
643,0.460342,0.539658,c
644,0.461180,0.538820,v
645,0.460465,0.539535,c
646,0.461300,0.538700,v
647,0.460587,0.539413,c
648,0.461420,0.538580,v
649,0.460709,0.539291,c
650,0.460000,0.540000,c
651,0.460829,0.539171,v
652,0.460123,0.539877,c
653,0.460949,0.539051,v
654,0.460245,0.539755,c
655,0.461069,0.538931,v
656,0.460366,0.539634,c
657,0.461187,0.538813,v
658,0.460486,0.539514,c
659,0.461305,0.538695,v
660,0.460606,0.539394,c
661,0.459909,0.540091,c
662,0.459215,0.540785,c
663,0.460030,0.539970,v
664,0.459337,0.540663,c
665,0.460150,0.539850,v
666,0.459459,0.540541,c
667,0.460270,0.539730,v
668,0.459581,0.540419,c
669,0.458894,0.541106,c
670,0.459701,0.540299,v
671,0.459016,0.540984,c
672,0.459821,0.540179,v
673,0.459138,0.540862,c
674,0.459941,0.540059,v
675,0.459259,0.540741,c
676,0.460059,0.539941,v
677,0.460857,0.539143,v
678,0.460177,0.539823,c
679,0.460972,0.539028,v
680,0.460294,0.539706,c
681,0.459618,0.540382,c
682,0.460411,0.539589,v
683,0.461201,0.538799,v
684,0.460526,0.539474,c
685,0.461314,0.538686,v
686,0.460641,0.539359,c
687,0.461426,0.538574,v
688,0.460756,0.539244,c
689,0.460087,0.539913,c
690,0.460870,0.539130,v
691,0.460203,0.539797,c
692,0.460983,0.539017,v
693,0.460317,0.539683,c
694,0.461095,0.538905,v
695,0.460432,0.539568,c
696,0.461207,0.538793,v
697,0.460545,0.539455,c
698,0.459885,0.540115,c
699,0.460658,0.539342,v
700,0.461429,0.538571,v
701,0.460770,0.539230,c
702,0.461538,0.538462,v
703,0.460882,0.539118,c
704,0.461648,0.538352,v
705,0.460993,0.539007,c
706,0.461756,0.538244,v
707,0.462518,0.537482,v
708,0.463277,0.536723,v
709,0.462623,0.537377,c
710,0.461972,0.538028,c
711,0.462729,0.537271,v
712,0.462079,0.537921,c
713,0.462833,0.537167,v
714,0.462185,0.537815,c
715,0.462937,0.537063,v
716,0.463687,0.536313,v
717,0.463040,0.536960,c
718,0.463788,0.536212,v
719,0.463143,0.536857,c
720,0.463889,0.536111,v
721,0.463245,0.536755,c
722,0.463989,0.536011,v
723,0.463347,0.536653,c
724,0.464088,0.535912,v
725,0.463448,0.536552,c
726,0.464187,0.535813,v
727,0.463549,0.536451,c
728,0.462912,0.537088,c
729,0.463649,0.536351,v
730,0.463014,0.536986,c
731,0.463748,0.536252,v
732,0.463115,0.536885,c
733,0.462483,0.537517,c
734,0.463215,0.536785,v
735,0.462585,0.537415,c
736,0.463315,0.536685,v
737,0.464043,0.535957,v
738,0.463415,0.536585,c
739,0.462788,0.537212,c
740,0.463514,0.536486,v
741,0.462888,0.537112,c
742,0.462264,0.537736,c
743,0.462988,0.537012,v
744,0.463710,0.536290,v
745,0.463087,0.536913,c
746,0.463807,0.536193,v
747,0.463186,0.536814,c
748,0.463904,0.536096,v
749,0.463284,0.536716,c
750,0.464000,0.536000,v
751,0.463382,0.536618,c
752,0.464096,0.535904,v
753,0.464807,0.535193,v
754,0.464191,0.535809,c
755,0.464901,0.535099,v
756,0.464286,0.535714,c
757,0.464993,0.535007,v
758,0.464380,0.535620,c
759,0.465086,0.534914,v
760,0.464474,0.535526,c
761,0.463863,0.536137,c
762,0.463255,0.536745,c
763,0.463958,0.536042,v
764,0.464660,0.535340,v
765,0.464052,0.535948,c
766,0.464752,0.535248,v
767,0.464146,0.535854,c
768,0.464844,0.535156,v
769,0.464239,0.535761,c
770,0.464935,0.535065,v
771,0.464332,0.535668,c
772,0.463731,0.536269,c
773,0.464424,0.535576,v
774,0.463824,0.536176,c
775,0.464516,0.535484,v
776,0.463918,0.536082,c
777,0.464607,0.535393,v
778,0.465296,0.534704,v
779,0.464698,0.535302,c
780,0.465385,0.534615,v
781,0.464789,0.535211,c
782,0.465473,0.534527,v
783,0.466156,0.533844,v
784,0.465561,0.534439,c
785,0.466242,0.533758,v
786,0.465649,0.534351,c
787,0.466328,0.533672,v
788,0.465736,0.534264,c
789,0.466413,0.533587,v
790,0.465823,0.534177,c
791,0.465234,0.534766,c
792,0.465909,0.534091,v
793,0.465322,0.534678,c
794,0.465995,0.534005,v
795,0.465409,0.534591,c
796,0.466080,0.533920,v
797,0.465496,0.534504,c
798,0.466165,0.533835,v
799,0.465582,0.534418,c
800,0.466250,0.533750,v
801,0.465668,0.534332,c
802,0.466334,0.533666,v
803,0.465753,0.534247,c
804,0.466418,0.533582,v
805,0.465839,0.534161,c
806,0.466501,0.533499,v
807,0.465923,0.534077,c
808,0.466584,0.533416,v
809,0.466007,0.533993,c
810,0.465432,0.534568,c
811,0.466091,0.533909,v
812,0.465517,0.534483,c
813,0.464945,0.535055,c
814,0.464373,0.535627,c
815,0.465031,0.534969,v
816,0.464461,0.535539,c
817,0.463892,0.536108,c
818,0.464548,0.535452,v
819,0.465201,0.534799,v
820,0.464634,0.535366,c
821,0.464068,0.535932,c
822,0.464720,0.535280,v
823,0.464156,0.535844,c
824,0.464806,0.535194,v
825,0.464242,0.535758,c
826,0.463680,0.536320,c
827,0.464329,0.535671,v
828,0.463768,0.536232,c
829,0.464415,0.535585,v
830,0.463855,0.536145,c
831,0.464501,0.535499,v
832,0.463942,0.536058,c
833,0.464586,0.535414,v
834,0.464029,0.535971,c
835,0.464671,0.535329,v
836,0.464115,0.535885,c
837,0.464755,0.535245,v
838,0.464200,0.535800,c
839,0.464839,0.535161,v
840,0.464286,0.535714,c
841,0.464923,0.535077,v
842,0.465558,0.534442,v
843,0.465006,0.534994,c
844,0.465640,0.534360,v
845,0.465089,0.534911,c
846,0.465721,0.534279,v
847,0.465171,0.534829,c
848,0.465802,0.534198,v
849,0.465253,0.534747,c
850,0.464706,0.535294,c
851,0.465335,0.534665,v
852,0.464789,0.535211,c
853,0.465416,0.534584,v
854,0.464871,0.535129,c
855,0.465497,0.534503,v
856,0.464953,0.535047,c
857,0.464411,0.535589,c
858,0.465035,0.534965,v
859,0.464494,0.535506,c
860,0.463953,0.536047,c
861,0.464576,0.535424,v
862,0.465197,0.534803,v
863,0.464658,0.535342,c
864,0.465278,0.534722,v
865,0.464740,0.535260,c
866,0.465358,0.534642,v
867,0.464821,0.535179,c
868,0.465438,0.534562,v
869,0.466053,0.533947,v
870,0.465517,0.534483,c
871,0.466131,0.533869,v
872,0.465596,0.534404,c
873,0.466208,0.533792,v
874,0.465675,0.534325,c
875,0.465143,0.534857,c
876,0.465753,0.534247,v
877,0.465222,0.534778,c
878,0.465831,0.534169,v
879,0.465301,0.534699,c
880,0.465909,0.534091,v
881,0.466515,0.533485,v
882,0.465986,0.534014,c
883,0.466591,0.533409,v
884,0.466063,0.533937,c
885,0.465537,0.534463,c
886,0.466140,0.533860,v
887,0.465614,0.534386,c
888,0.466216,0.533784,v
889,0.466817,0.533183,v
890,0.466292,0.533708,c
891,0.465769,0.534231,c
892,0.465247,0.534753,c
893,0.464726,0.535274,c
894,0.465324,0.534676,v
895,0.464804,0.535196,c
896,0.465402,0.534598,v
897,0.464883,0.535117,c
898,0.465479,0.534521,v
899,0.464961,0.535039,c
900,0.465556,0.534444,v
901,0.465039,0.534961,c
902,0.465632,0.534368,v
903,0.465116,0.534884,c
904,0.465708,0.534292,v
905,0.466298,0.533702,v
906,0.465784,0.534216,c
907,0.466373,0.533627,v
908,0.465859,0.534141,c
909,0.465347,0.534653,c
910,0.465934,0.534066,v
911,0.465423,0.534577,c
912,0.466009,0.533991,v
913,0.465498,0.534502,c
914,0.466083,0.533917,v
915,0.465574,0.534426,c
916,0.466157,0.533843,v
917,0.465649,0.534351,c
918,0.466231,0.533769,v
919,0.466812,0.533188,v
920,0.466304,0.533696,c
921,0.465798,0.534202,c
922,0.466377,0.533623,v
923,0.465872,0.534128,c
924,0.466450,0.533550,v
925,0.465946,0.534054,c
926,0.465443,0.534557,c
927,0.464941,0.535059,c
928,0.464440,0.535560,c
929,0.463940,0.536060,c
930,0.464516,0.535484,v
931,0.465091,0.534909,v
932,0.464592,0.535408,c
933,0.464094,0.535906,c
934,0.463597,0.536403,c
935,0.464171,0.535829,v
936,0.464744,0.535256,v
937,0.464248,0.535752,c
938,0.463753,0.536247,c
939,0.464324,0.535676,v
940,0.464894,0.535106,v
941,0.465462,0.534538,v
942,0.464968,0.535032,c
943,0.465536,0.534464,v
944,0.465042,0.534958,c
945,0.464550,0.535450,c
946,0.464059,0.535941,c
947,0.464625,0.535375,v
948,0.464135,0.535865,c
949,0.464700,0.535300,v
950,0.464211,0.535789,c
951,0.464774,0.535226,v
952,0.465336,0.534664,v
953,0.464848,0.535152,c
954,0.464361,0.535639,c
955,0.463874,0.536126,c
956,0.464435,0.535565,v
957,0.463950,0.536050,c
958,0.464509,0.535491,v
959,0.464025,0.535975,c
960,0.464583,0.535417,v
961,0.464100,0.535900,c
962,0.463617,0.536383,c
963,0.464174,0.535826,v
964,0.463693,0.536307,c
965,0.463212,0.536788,c
966,0.463768,0.536232,v
967,0.463289,0.536711,c
968,0.463843,0.536157,v
969,0.463364,0.536636,c
970,0.462887,0.537113,c
971,0.463440,0.536560,v
972,0.462963,0.537037,c
973,0.462487,0.537513,c
974,0.462012,0.537988,c
975,0.462564,0.537436,v
976,0.463115,0.536885,v
977,0.462641,0.537359,c
978,0.462168,0.537832,c
979,0.461696,0.538304,c
980,0.461224,0.538776,c
981,0.460754,0.539246,c
982,0.460285,0.539715,c
983,0.460834,0.539166,v
984,0.460366,0.539634,c
985,0.460914,0.539086,v
986,0.460446,0.539554,c
987,0.460993,0.539007,v
988,0.460526,0.539474,c
989,0.461072,0.538928,v
990,0.460606,0.539394,c
991,0.461150,0.538850,v
992,0.461694,0.538306,v
993,0.461229,0.538771,c
994,0.461771,0.538229,v
995,0.462312,0.537688,v
996,0.461847,0.538153,c
997,0.462387,0.537613,v
998,0.461924,0.538076,c
999,0.462462,0.537538,v
1000,0.462000,0.538000,c
